"time","sent"
1396841839.55,"m"
1396842203.81,"m"
1396842426.32,"h"
1396842556.88,"m"
1396843355.21,"l"
1396843499.23,"m"
1396844833.57,"m"
1396846600.02,"h"
1396847114.99,"m"
1396850111.73,"m"
1396853123.33,"l"
1396854413.84,"m"
1396865391.37,"m"
1396866453.94,"h"
1396868661.5,"m"
1396871356.59,"m"
1396873912.11,"m"
1396874052.31,"h"
1396874639.96,"l"
1396875894.83,"m"
1396877836.07,"m"
1396879452.06,"m"
1396879760.16,"h"
1396880870.2,"m"
1396881364.78,"l"
1396882374.16,"m"
1396883981.84,"m"
1396885198.01,"h"
1396885618.24,"m"
1396887229.87,"m"
1396887882.75,"l"
1396888660.66,"m"
1396890328.2,"m"
1396890458.45,"h"
1396891970.57,"m"
1396893532.91,"m"
1396894004.54,"l"
1396895094.03,"m"
1396895980.1,"h"
1396896602.57,"m"
1396897887.14,"m"
1396899155.11,"m"
1396899331.86,"l"
1396900063.39,"h"
1396900240.6,"m"
1396901412.81,"m"
1396902492.77,"m"
1396903683.03,"m"
1396903846.96,"h"
1396904681.87,"l"
1396904838.72,"m"
1396905883.02,"m"
1396906967.51,"m"
1396907363.41,"h"
1396907939.77,"m"
1396909200.24,"m"
1396909332.61,"l"
1396910325.1,"m"
1396911358.17,"m"
1396911667.1,"h"
1396912328.7,"m"
1396913239.73,"m"
1396914110.21,"m"
1396914124.86,"l"
1396914655.48,"h"
1396915056.87,"m"
1396915820.35,"m"
1396916537.12,"m"
1396917115.15,"h"
1396917209.26,"m"
1396917662.28,"l"
1396917906.25,"m"
1396918602.82,"m"
1396919252.23,"m"
1396919551.08,"h"
1396919816.63,"m"
1396920377.26,"m"
1396920547.53,"l"
1396920962.52,"m"
1396921586.89,"m"
1396921852.76,"h"
1396922199.06,"m"
1396922760.7,"m"
1396923454.66,"m"
1396923768.9,"l"
1396923875.45,"h"
1396924220.27,"m"
1396925043.95,"m"
1396925670.93,"m"
1396928150.08,"m"
1396928231.47,"h"
1396928626.16,"l"
1396929140.04,"m"
1396930324.83,"m"
1396931816.9,"m"
1396933231.62,"h"
1396933644.75,"m"
1396935316.73,"l"
1396936411.6,"m"
1396940526.28,"m"
1396951256.6,"m"
1396953120.63,"h"
1396954796.43,"m"
1396957120.05,"m"
1396958692.35,"l"
1396959272.44,"m"
1396959654.38,"h"
1396961663.83,"m"
1396963556.77,"m"
1396965096.88,"m"
1396966429.45,"h"
1396966681.23,"l"
1396966799.06,"m"
1396968376.46,"m"
1396969996.53,"m"
1396971726.84,"m"
1396972264.42,"h"
1396973409.83,"m"
1396973654.95,"l"
1396974974.62,"m"
1396976828.75,"m"
1396977604.75,"h"
1396978263.41,"m"
1396979940.72,"m"
1396981176.54,"l"
1396981502.74,"m"
1396982793.65,"h"
1396982910.78,"m"
1396984196.97,"m"
1396985410.06,"m"
1396986656.42,"m"
1396987123.61,"l"
1396987327.16,"h"
1396988105.61,"m"
1396989454.77,"m"
1396990843.35,"m"
1396992055.72,"h"
1396992222.51,"m"
1396993555.9,"m"
1396993726.17,"l"
1396994895.64,"m"
1396996175.18,"m"
1396996558.62,"h"
1396997566.32,"m"
1396998817.09,"m"
1396999689.32,"l"
1396999959.93,"m"
1397000650.74,"h"
1397001059.68,"m"
1397002056.22,"m"
1397002960.4,"m"
1397009686.34,"m"
1397009941.9,"l"
1397010106.95,"h"
1397010425.43,"m"
1397011008.47,"m"
1397011730.91,"m"
1397012411.03,"h"
1397012509.06,"m"
1397013161.37,"l"
1397013399.93,"m"
1397014285.78,"m"
1397015454.14,"m"
1397015995.05,"h"
1397016632.92,"m"
1397018317.09,"m"
1397018669.3,"l"
1397020379.69,"m"
1397023061.83,"m"
1397024011.68,"h"
1397028836.38,"m"
1397039401.69,"m"
1397041443.08,"l"
1397041951.82,"m"
1397043566.26,"h"
1397044251.44,"m"
1397046305.33,"m"
1397048074.38,"m"
1397049572.52,"h"
1397049878.45,"m"
1397050806.7,"l"
1397153617.02,"m"
1397154939.77,"m"
1397155908.52,"m"
1397155966,"h"
1397156837.83,"m"
1397157627.85,"l"
1397157738.93,"m"
1397158595.72,"m"
1397158838.48,"h"
1397159532.56,"m"
1397160413.2,"m"
1397161239.38,"m"
1397161289.94,"l"
1397162045.77,"h"
1397162169.86,"m"
1397163061.67,"m"
1397163941.98,"m"
1397164844.12,"m"
1397165066.71,"l"
1397165093.27,"h"
1397165654.93,"m"
1397166515.51,"m"
1397167320.48,"m"
1397167951.89,"h"
1397168187.63,"m"
1397169052.04,"m"
1397169216.48,"l"
1397169921.52,"m"
1397170655.94,"m"
1397171059.96,"h"
1397171403.07,"m"
1397172216.64,"m"
1397172732.46,"l"
1397172952.7,"m"
1397173659.58,"m"
1397173732.09,"h"
1397174342.2,"m"
1397175053.14,"m"
1397175708.36,"m"
1397175766.47,"l"
1397175804.19,"h"
1397176245.69,"m"
1397176780.04,"m"
1397177321.1,"m"
1397177815.96,"m"
1397177868.63,"h"
1397178071.46,"l"
1397178345.14,"m"
1397178865.17,"m"
1397179336.1,"m"
1397179591.77,"h"
1397179845.32,"m"
1397180286.82,"m"
1397180339.75,"l"
1397180759.75,"m"
1397181182.2,"h"
1397181215.07,"m"
1397181654.41,"m"
1397182123.47,"m"
1397182258.38,"l"
1397182572.01,"m"
1397182819.07,"h"
1397183003.98,"m"
1397183448.14,"m"
1397183878.09,"m"
1397184036.24,"l"
1397184345.77,"m"
1397184474.98,"h"
1397184927.27,"m"
1397185397.5,"m"
1397185525.07,"l"
1397185889.77,"m"
1397186242.8,"h"
1397186424.75,"m"
1397187071.53,"m"
1397187723.33,"m"
1397187953.61,"l"
1397188441.47,"m"
1397188569.86,"h"
1397189296.72,"m"
1397190260.4,"m"
1397191286.21,"m"
1397191848.21,"l"
1397192064.76,"h"
1397192785.78,"m"
1397194454.18,"m"
1397196708.03,"m"
1397201802.74,"m"
1397204578.36,"h"
1397209463.07,"l"
1397209692.62,"m"
1397212930.11,"m"
1397214396.51,"h"
1397214596.67,"m"
1397216233.34,"m"
1397217564.17,"m"
1397218422.6,"l"
1397218694.43,"h"
1397218889.38,"m"
1397220102.34,"m"
1397221039.41,"m"
1397222180.31,"m"
1397222602.25,"h"
1397223277.18,"m"
1397223490.77,"l"
1397224200.32,"m"
1397225294.12,"m"
1397225739.61,"h"
1397226191.16,"m"
1397227080.27,"m"
1397227977.71,"m"
1397228068.91,"l"
1397228807.26,"m"
1397228884.34,"h"
1397229617.54,"m"
1397230560.42,"m"
1397231423.04,"m"
1397231836.79,"h"
1397232124.29,"l"
1397232425.51,"m"
1397233281.88,"m"
1397234155.76,"m"
1397235032.48,"h"
1397235050.42,"m"
1397236030.99,"m"
1397236813.94,"l"
1397236913.98,"m"
1397237825.43,"m"
1397238276.14,"h"
1397238755.93,"m"
1397239746.93,"m"
1397240558.68,"m"
1397241357.28,"h"
1397241358.42,"l"
1397241454.56,"m"
1397242414.03,"m"
1397243226.16,"m"
1397243928.85,"h"
1397244005.54,"m"
1397244903.27,"m"
1397245770.49,"m"
1397245802.47,"l"
1397246528.83,"m"
1397247222.06,"h"
1397247383.92,"m"
1397248340.01,"m"
1397249250.23,"m"
1397250127.08,"m"
1397250235.51,"l"
1397250541.36,"h"
1397251050.61,"m"
1397251917.57,"m"
1397252909.46,"m"
1397253818.66,"m"
1397253819.69,"h"
1397254703.59,"m"
1397254813.77,"l"
1397255559.25,"m"
1397256241.66,"m"
1397257049.03,"h"
1397257076.53,"m"
1397257911.66,"m"
1397258722.82,"m"
1397259376.15,"l"
1397259535.46,"m"
1397259997.02,"h"
1397260227.09,"m"
1397260982.41,"m"
1397261637.28,"m"
1397262257.23,"m"
1397262288.26,"h"
1397262872.68,"m"
1397262988.18,"l"
1397263504.5,"m"
1397264125.09,"m"
1397264633.35,"h"
1397264714.51,"m"
1397265265.48,"m"
1397265813.8,"m"
1397265940.31,"l"
1397266412.1,"m"
1397266512.87,"h"
1397267036.17,"m"
1397267672.51,"m"
1397268235.43,"m"
1397268545.87,"h"
1397268830.75,"l"
1397268840.34,"m"
1397269349.1,"m"
1397269861.65,"m"
1397270444.85,"m"
1397270614.11,"h"
1397271077.61,"m"
1397271705.34,"m"
1397271726.95,"l"
1397272354.27,"m"
1397272809.08,"h"
1397273117.67,"m"
1397273839.81,"m"
1397274633.42,"m"
1397274788.84,"l"
1397275393.12,"m"
1397275530.95,"h"
1397276209.88,"m"
1397277217.48,"m"
1397278286.51,"m"
1397279296.86,"h"
1397279411.33,"l"
1397279607.51,"m"
1397280921.96,"m"
1397282361.32,"m"
1397284507.47,"m"
1397286269.76,"h"
1397287493.29,"m"
1397290959.01,"l"
1397292859.43,"m"
1397300119.73,"m"
1397302644.1,"h"
1397302868.42,"m"
1397304898.77,"m"
1397306314.89,"m"
1397307286.76,"l"
1397307393.84,"m"
1397307415.46,"h"
1397308415.89,"m"
1397309447.44,"m"
1397310466.09,"m"
1397310517.7,"h"
1397311283.76,"m"
1397312064.57,"m"
1397312687.7,"l"
1397312908.75,"m"
1397313155.2,"h"
1397313705.54,"m"
1397314486.75,"m"
1397315253.02,"m"
1397315370.76,"h"
1397316020.76,"m"
1397316865.12,"m"
1397317033.03,"l"
1397317627.08,"m"
1397318062.23,"h"
1397318394.28,"m"
1397319143.44,"m"
1397319868.45,"m"
1397320664.61,"m"
1397320773.13,"h"
1397321248.12,"l"
1397321489.75,"m"
1397322151.38,"m"
1397322901.68,"m"
1397323323.31,"h"
1397323655.15,"m"
1397324357.01,"m"
1397324947.28,"l"
1397325118.23,"m"
1397325852.69,"m"
1397325874.09,"h"
1397326642.71,"m"
1397327503.18,"m"
1397328294.33,"m"
1397328396.81,"h"
1397329082.2,"l"
1397329242.33,"m"
1397330017.2,"m"
1397330863.74,"m"
1397331008.82,"h"
1397331680.69,"m"
1397332436,"m"
1397333232.37,"m"
1397333647.55,"l"
1397333888.06,"h"
1397334118.33,"m"
1397335042.48,"m"
1397336072.29,"m"
1397337112.96,"m"
1397337223.54,"h"
1397338142.37,"m"
1397338624.3,"l"
1397339215.28,"m"
1397340178.48,"m"
1397340348.1,"h"
1397341025.08,"m"
1397342029.4,"m"
1397342926.32,"m"
1397343288.67,"h"
1397343778.69,"m"
1397343825.69,"l"
1397344608.44,"m"
1397345442.38,"m"
1397346118.25,"m"
1397346164.53,"h"
1397347017.62,"m"
1397347867.33,"m"
1397348029.72,"l"
1397348701.79,"m"
1397348891.21,"h"
1397349578.44,"m"
1397350280.3,"m"
1397350965.99,"m"
1397351405.33,"h"
1397351642.36,"m"
1397351954.54,"l"
1397352280.54,"m"
1397352960.7,"m"
1397353567.86,"h"
1397353602.26,"m"
1397354186.69,"m"
1397354773.37,"m"
1397355210.77,"l"
1397355342.44,"m"
1397355756.09,"h"
1397355934.36,"m"
1397356611.44,"m"
1397357207.33,"m"
1397357786.13,"m"
1397357990.49,"h"
1397358380.32,"l"
1397358479.39,"m"
1397359200.3,"m"
1397359959.5,"m"
1397360461.71,"h"
1397360704.89,"m"
1397361370.4,"m"
1397361871.08,"l"
1397362069.09,"m"
1397362725.81,"m"
1397363306.65,"h"
1397363452.35,"m"
1397364270.02,"m"
1397365073.76,"m"
1397365554.16,"l"
1397366044.9,"m"
1397366905.47,"h"
1397367102.86,"m"
1397368332.44,"m"
1397369891.81,"m"
1397371830,"m"
1397371930.65,"l"
1397374734.22,"m"
1397374780.4,"h"
1397378398.26,"m"
1397385904.9,"m"
1397390789.67,"m"
1397391468.94,"h"
1397392545.24,"l"
1397392961.86,"m"
1397394342.66,"m"
1397395581.44,"m"
1397395914.07,"h"
1397396743.32,"m"
1397397687.44,"m"
1397398606.57,"m"
1397398638.1,"h"
1397398736.71,"l"
1397399448.65,"m"
1397400213.23,"m"
1397400918.71,"m"
1397401183.46,"h"
1397401661.4,"m"
1397402474.26,"m"
1397402876.44,"l"
1397403209.5,"m"
1397403815.84,"h"
1397404020.1,"m"
1397404754.64,"m"
1397405503.5,"m"
1397406184.88,"m"
1397406374.4,"h"
1397406955.04,"m"
1397407100.13,"l"
1397407655.99,"m"
1397408386.28,"m"
1397409063.82,"h"
1397409077.74,"m"
1397409758.66,"m"
1397410397.87,"m"
1397411051.31,"l"
1397411103.32,"m"
1397411489.54,"h"
1397411759.83,"m"
1397412496.71,"m"
1397413267.49,"m"
1397413852.53,"h"
1397414064.78,"m"
1397414610.06,"l"
1397414849.58,"m"
1397416264.3,"m"
1397417366.5,"h"
1397417534.32,"m"
1397418468.6,"m"
1397419315.94,"m"
1397419590.98,"l"
1397420045.88,"h"
1397420232.23,"m"
1397421170.92,"m"
1397422012.03,"m"
1397422646.01,"h"
1397422922.47,"m"
1397423352.69,"l"
1397423853.98,"m"
1397424779.05,"m"
1397425546.23,"m"
1397425626.91,"h"
1397426334.81,"m"
1397427262.97,"m"
1397427563.76,"l"
1397428207.68,"m"
1397428317.65,"h"
1397429090.07,"m"
1397429853.46,"m"
1397430668.52,"h"
1397430706.04,"m"
1397431435.04,"l"
1397431518.98,"m"
1397432334.62,"m"
1397433122.01,"m"
1397433185.87,"h"
1397433864.49,"m"
1397434517.42,"m"
1397435017.24,"l"
1397435199.32,"m"
1397435312.48,"h"
1397435804.02,"m"
1397436362.57,"m"
1397436932.88,"m"
1397437097.17,"h"
1397437455.55,"l"
1397437517.02,"m"
1397438135.1,"m"
1397438557.69,"h"
1397438628.39,"m"
1397439127,"m"
1397439633.33,"m"
1397439761.3,"l"
1397440142.05,"m"
1397440176.91,"h"
1397440581.49,"m"
1397441055.29,"m"
1397441472.92,"m"
1397441569.46,"h"
1397441852.87,"l"
1397441930.88,"m"
1397442445.6,"m"
1397442905.61,"m"
1397443171.53,"h"
1397443390.73,"m"
1397443907.38,"m"
1397444002.15,"l"
1397444469.6,"m"
1397445036.62,"m"
1397445116.69,"h"
1397445556.03,"m"
1397446179.68,"m"
1397446571.29,"l"
1397446851.8,"m"
1397447369.21,"h"
1397447610.02,"m"
1397448320.78,"m"
1397449151.16,"m"
1397450025.85,"l"
1397450071.88,"m"
1397450282.75,"h"
1397451147.51,"m"
1397452468.82,"m"
1397454103.75,"m"
1397455781.46,"h"
1397456331.8,"m"
1397458321.49,"l"
1397460726.99,"m"
1397469398.03,"m"
1397473368.68,"h"
1397473426.76,"m"
1397475731.39,"m"
1397477407.76,"l"
1397477759.18,"m"
1397478886.34,"h"
1397479600.9,"m"
1397481107.65,"m"
1397482392.72,"m"
1397482939.85,"h"
1397483422.22,"m"
1397483706.34,"l"
1397484430.22,"m"
1397485428.25,"m"
1397486253.89,"h"
1397486431.87,"m"
1397487377.08,"m"
1397487987.32,"l"
1397488343.55,"m"
1397489309.42,"h"
1397489437.54,"m"
1397490308.54,"m"
1397491309.09,"m"
1397491601.49,"l"
1397492243.73,"m"
1397492786.09,"h"
1397493118.98,"m"
1397494058.38,"m"
1397495043.15,"m"
1397495624.1,"l"
1397495894.19,"h"
1397496019.9,"m"
1397497059.04,"m"
1397498061.62,"m"
1397499180.21,"m"
1397499411.2,"h"
1397500091.66,"m"
1397500154.64,"l"
1397501126.09,"m"
1397502196.72,"m"
1397503115.6,"h"
1397503158.89,"m"
1397504255.76,"m"
1397504468.15,"l"
1397505129.74,"m"
1397506081.22,"m"
1397506082.46,"h"
1397507030.77,"m"
1397508021.99,"m"
1397511713.43,"l"
1397511947.65,"m"
1397512139.9,"h"
1397512694.42,"m"
1397513601.77,"m"
1397514395.11,"m"
1397514981.08,"h"
1397515192.2,"m"
1397515478.07,"l"
1397516004.24,"m"
1397516831.56,"m"
1397517500.09,"m"
1397517607.34,"h"
1397518169.57,"m"
1397518865.48,"m"
1397519364.21,"l"
1397519504.66,"m"
1397519871.74,"h"
1397520218.9,"m"
1397520750.92,"m"
1397521418.62,"m"
1397521894.2,"h"
1397522050.15,"m"
1397522271.5,"l"
1397522633.11,"m"
1397523128.43,"m"
1397523551.04,"h"
1397523628.03,"m"
1397524182.74,"m"
1397524691.64,"l"
1397524731.55,"m"
1397525232.14,"m"
1397525270.85,"h"
1397525800.58,"m"
1397526316.42,"m"
1397526771.02,"m"
1397526802.06,"h"
1397526881.33,"l"
1397527172.07,"m"
1397527680.04,"m"
1397528091.73,"h"
1397528162.78,"m"
1397528619.02,"m"
1397528719.67,"l"
1397529129.47,"m"
1397529612.69,"m"
1397529688.02,"h"
1397530118.79,"m"
1397530621.1,"m"
1397530989.34,"l"
1397531147.89,"m"
1397531433.04,"h"
1397531692.07,"m"
1397532299.76,"m"
1397532900.08,"m"
1397533607.18,"m"
1397533705.44,"l"
1397533754.12,"h"
1397534346.55,"m"
1397535103.82,"m"
1397535987.54,"m"
1397536316.3,"h"
1397537037.11,"m"
1397537327.45,"l"
1397538139.21,"m"
1397539350.86,"m"
1397540770.32,"h"
1397540781.15,"m"
1397542724.43,"m"
1397544238.03,"l"
1397545393.88,"m"
1397565154.05,"m"
1397566139.79,"h"
1397566735.65,"m"
1397567797.8,"m"
1397568122.36,"l"
1397568907.97,"m"
1397569558.56,"h"
1397570193.27,"m"
1397571121.19,"m"
1397572161.45,"m"
1397572363.97,"l"
1397572529.12,"h"
1397572984.24,"m"
1397573848.69,"m"
1397574643.44,"m"
1397575117.03,"h"
1397575453.19,"m"
1397575780.35,"l"
1397576293.79,"m"
1397577272.21,"m"
1397578200.87,"m"
1397578260.96,"h"
1397579167.59,"m"
1397579219.2,"l"
1397580065.44,"m"
1397580907.88,"m"
1397580949.55,"h"
1397581682.24,"m"
1397582428.64,"m"
1397582711.63,"l"
1397583294.53,"m"
1397583784.25,"h"
1397584056.61,"m"
1397584727.66,"m"
1397585478.62,"m"
1397586028.69,"l"
1397586321.9,"m"
1397586705.37,"h"
1397587105.71,"m"
1397587858.38,"m"
1397588744.86,"m"
1397589399.56,"l"
1397589430.01,"h"
1397589539.75,"m"
1397590264.16,"m"
1397591085.39,"m"
1397591921.34,"m"
1397592288.97,"h"
1397592640.67,"l"
1397592750.06,"m"
1397593481.69,"m"
1397594299.66,"m"
1397594954.44,"h"
1397595142.43,"m"
1397595900.65,"m"
1397596020.59,"l"
1397596655.52,"m"
1397597465.08,"m"
1397597607.89,"h"
1397598210.55,"m"
1397598882.87,"m"
1397599344.57,"l"
1397599535.66,"m"
1397600102.88,"h"
1397600264.45,"m"
1397601046.85,"m"
1397601772.16,"m"
1397602306.72,"h"
1397602322.4,"l"
1397602401.13,"m"
1397603088.48,"m"
1397603830.31,"m"
1397604464.74,"m"
1397604680.02,"h"
1397605093.5,"m"
1397605165.18,"l"
1397605705.48,"m"
1397606245.91,"m"
1397606608.64,"h"
1397606797.16,"m"
1397607289.5,"m"
1397607400.81,"l"
1397607742.26,"m"
1397608209.98,"m"
1397608330.93,"h"
1397608648.95,"m"
1397609047.56,"m"
1397609276.58,"l"
1397609479.62,"m"
1397609890.95,"m"
1397610052.18,"h"
1397610344.45,"m"
1397610815.17,"m"
1397611249.64,"m"
1397611257.65,"l"
1397611577.95,"h"
1397611659.2,"m"
1397612120.1,"m"
1397612563.28,"m"
1397613039.02,"m"
1397613284.26,"h"
1397613317.62,"l"
1397613541.34,"m"
1397613998.71,"m"
1397614516.78,"m"
1397614807.74,"h"
1397615041.35,"m"
1397615534.72,"l"
1397615566.85,"m"
1397616120.89,"m"
1397616440.65,"h"
1397616645.52,"m"
1397617167.11,"m"
1397617722.45,"m"
1397618144.7,"l"
1397618267.27,"h"
1397618284.21,"m"
1397618939.1,"m"
1397619566.63,"m"
1397620293.59,"m"
1397620428.9,"h"
1397620977.84,"l"
1397620995.77,"m"
1397621672.02,"m"
1397622569.04,"m"
1397623347.91,"h"
1397623586.47,"m"
1397624569.8,"m"
1397624570.21,"l"
1397625616.82,"m"
1397626831.09,"m"
1397627995.08,"h"
1397628858.3,"m"
1397630406.3,"l"
1397631058.82,"m"
1397636310.89,"m"
1397644313.79,"m"
1397645191.88,"h"
1397647435.24,"m"
1397649224.36,"l"
1397649581.24,"m"
1397650762.48,"h"
1397651330.63,"m"
1397652929.55,"m"
1397654467.59,"m"
1397654809.34,"h"
1397655665.05,"m"
1397656105.06,"l"
1397656667.99,"m"
1397657689.07,"m"
1397658085.85,"h"
1397658610.48,"m"
1397659563.74,"m"
1397659906.72,"l"
1397660460.22,"m"
1397660494.12,"h"
1397661245.43,"m"
1397662128.08,"m"
1397662946.81,"h"
1397662980.69,"m"
1397663422.5,"l"
1397663903,"m"
1397664802.2,"m"
1397665602.63,"h"
1397665814.26,"m"
1397666591.35,"m"
1397667248.51,"l"
1397667466.69,"m"
1397668410.61,"m"
1397668669.75,"h"
1397669262.71,"m"
1397670164.46,"m"
1397671100.43,"m"
1397671571.1,"l"
1397671930.18,"h"
1397672037.48,"m"
1397672973.31,"m"
1397673960.22,"m"
1397674979.79,"m"
1397675131.53,"h"
1397675980.1,"m"
1397676091.14,"l"
1397676980.02,"m"
1397677780.07,"m"
1397678105.52,"h"
1397678678.01,"m"
1397679629.01,"m"
1397680329.42,"l"
1397680623.99,"m"
1397681386.25,"h"
1397681646.12,"m"
1397682514.37,"m"
1397683194.9,"m"
1397684051.19,"l"
1397684069.33,"m"
1397684268.58,"h"
1397685016.14,"m"
1397685892,"m"
1397686815.26,"m"
1397687289.83,"h"
1397687692.39,"m"
1397687949.1,"l"
1397688521,"m"
1397689350.22,"m"
1397690209.5,"m"
1397690258.55,"h"
1397690972.04,"m"
1397691351.33,"l"
1397691685.63,"m"
1397692483.53,"m"
1397692771.22,"h"
1397693211.33,"m"
1397693918.6,"m"
1397694461.07,"l"
1397694581.77,"m"
1397694942.7,"h"
1397695212.49,"m"
1397695844.58,"m"
1397696419.07,"m"
1397696887.87,"h"
1397696997.9,"m"
1397697012.03,"l"
1397701208.58,"m"
1397701750.83,"m"
1397702288.57,"m"
1397702381.12,"h"
1397702789.35,"m"
1397702799.82,"l"
1397703335.65,"m"
1397703913.29,"m"
1397704384.03,"h"
1397704504.98,"m"
1397705087.79,"m"
1397705305.73,"l"
1397705739.1,"m"
1397706328.43,"m"
1397706576.66,"h"
1397707028.14,"m"
1397707618.15,"m"
1397708148.69,"l"
1397708362.02,"m"
1397709072.26,"h"
1397709157.24,"m"
1397710088.3,"m"
1397711171.71,"m"
1397712459.24,"l"
1397712545.12,"m"
1397713472.77,"h"
1397714207.2,"m"
1397716117.33,"m"
1397718808.08,"m"
1397725871.6,"m"
1397729341.82,"h"
1397729744.21,"l"
1397732285.88,"m"
1397735110.65,"m"
1397736966.78,"m"
1397737279.22,"h"
1397738721.77,"m"
1397739483.03,"l"
1397740059.99,"m"
1397741234.54,"h"
1397741373.56,"m"
1397742524.48,"m"
1397743721.41,"m"
1397744201.64,"l"
1397744377.68,"h"
1397744599.44,"m"
1397745469.72,"m"
1397746332.33,"m"
1397747255.97,"m"
1397747350.24,"h"
1397748018.85,"l"
1397748180.93,"m"
1397749064.81,"m"
1397749914.66,"m"
1397750342.65,"h"
1397750796.91,"m"
1397751752.01,"m"
1397751757.3,"l"
1397752643.72,"m"
1397753323.53,"h"
1397753482.36,"m"
1397754381.42,"m"
1397755402.43,"m"
1397756222.96,"l"
1397756366.86,"h"
1397756376.97,"m"
1397757344.46,"m"
1397758274.53,"m"
1397759117.48,"m"
1397759691.8,"h"
1397760090.76,"m"
1397760229.48,"l"
1397761100.1,"m"
1397761948.27,"m"
1397762810.78,"m"
1397762835.46,"h"
1397763688.73,"m"
1397764508.16,"l"
1397764660.11,"m"
1397765574.33,"m"
1397766119.35,"h"
1397766558.05,"m"
1397767560.56,"m"
1397768492.58,"m"
1397768825.14,"l"
1397769240.11,"h"
1397769441.62,"m"
1397770332.95,"m"
1397771292.67,"m"
1397772212.42,"m"
1397772348,"h"
1397772939.02,"l"
1397773110.85,"m"
1397773998.27,"m"
1397774847.36,"m"
1397775229.88,"h"
1397775785.94,"m"
1397776583.49,"m"
1397776775.62,"l"
1397777310.28,"m"
1397777715.58,"h"
1397777996.8,"m"
1397778687.18,"m"
1397779385.16,"m"
1397779952.79,"h"
1397780032.02,"m"
1397780187.35,"l"
1397780629.57,"m"
1397781331.95,"m"
1397782011.08,"m"
1397782031.26,"h"
1397782621.09,"m"
1397783153.33,"l"
1397783168.56,"m"
1397783681.54,"m"
1397783943.64,"h"
1397784208.62,"m"
1397784735.23,"m"
1397785271.42,"m"
1397785375.93,"l"
1397785680.44,"h"
1397785798.28,"m"
1397786276.82,"m"
1397786785.79,"m"
1397787126.35,"l"
1397787278.92,"h"
1397787306.37,"m"
1397787790.03,"m"
1397788240.35,"m"
1397788569.62,"l"
1397788692.95,"m"
1397788891.88,"h"
1397789140.36,"m"
1397789557.54,"m"
1397790019,"m"
1397790120.78,"l"
1397790534.1,"m"
1397790770.69,"h"
1397791153.46,"m"
1397791747.92,"m"
1397792307.5,"m"
1397792622.33,"l"
1397792863.82,"m"
1397792932.87,"h"
1397793532.13,"m"
1397794250.78,"m"
1397794987.52,"m"
1397795627.69,"h"
1397795744.11,"m"
1397795877.31,"l"
1397796594.09,"m"
1397797508.56,"m"
1397798703.93,"m"
1397799631.97,"h"
1397799979.53,"m"
1397800484.33,"l"
1397801453.85,"m"
1397803373.02,"m"
1397806551.4,"m"
1397810806.24,"h"
1397811696.19,"m"
1397816560.31,"l"
1397817860.62,"m"
1397820939.21,"m"
1397822936.69,"h"
1397823181.5,"m"
1397824941.23,"m"
1397826508.4,"m"
1397826873.6,"h"
1397827478.47,"l"
1397827696.13,"m"
1397828839.95,"m"
1397829928.1,"m"
1397830240.2,"h"
1397830826.01,"m"
1397831757.08,"m"
1397831801.25,"l"
1397832424.61,"h"
1397832512.79,"m"
1397833304.9,"m"
1397834013.21,"m"
1397834811.09,"m"
1397834973.88,"h"
1397835585.01,"m"
1397835716.4,"l"
1397836416.25,"m"
1397837143.2,"m"
1397837367.4,"h"
1397837918.55,"m"
1397838732.86,"m"
1397839549.64,"m"
1397839668.96,"l"
1397840098.6,"h"
1397840406.01,"m"
1397841301.16,"m"
1397842213.86,"m"
1397842922.63,"h"
1397843113.48,"m"
1397843764.97,"l"
1397844041.96,"m"
1397845061.4,"m"
1397846022.83,"h"
1397846029.18,"m"
1397846902.85,"m"
1397847853.61,"m"
1397848060.35,"l"
1397848809.5,"m"
1397849242.19,"h"
1397849730.21,"m"
1397850541.19,"m"
1397851461.74,"m"
1397852088.45,"l"
1397852340.63,"h"
1397852382.95,"m"
1397853281.79,"m"
1397854293.69,"m"
1397855271.6,"m"
1397855462.03,"h"
1397856222.05,"m"
1397856417.3,"l"
1397857208.65,"m"
1397858185.95,"m"
1397858886.02,"h"
1397859134.66,"m"
1397860075.92,"m"
1397860976.05,"m"
1397861127.64,"l"
1397861879.95,"m"
1397861937.32,"h"
1397862793.41,"m"
1397863639.4,"m"
1397864427.26,"m"
1397864774.17,"h"
1397865204.51,"m"
1397865504.41,"l"
1397865988.9,"m"
1397866759.71,"m"
1397867193.63,"h"
1397867489.82,"m"
1397868218.11,"m"
1397868879.5,"m"
1397868972.32,"l"
1397869552.33,"h"
1397869587.92,"m"
1397870231.73,"m"
1397870915.2,"m"
1397871638.65,"m"
1397871932.12,"h"
1397872290.32,"m"
1397872374.62,"l"
1397872941.89,"m"
1397873604.69,"m"
1397873935.71,"h"
1397874190.35,"m"
1397874795.15,"m"
1397875373.16,"m"
1397875399.22,"l"
1397875803.16,"h"
1397875945.18,"m"
1397876643.76,"m"
1397877246.67,"m"
1397877847.73,"h"
1397877970.3,"m"
1397878653.36,"m"
1397878696.42,"l"
1397879374.03,"m"
1397880059.42,"m"
1397880358.3,"h"
1397880789.83,"m"
1397881532.11,"m"
1397882043.08,"l"
1397882323.07,"m"
1397883052.72,"h"
1397883153.88,"m"
1397884145.4,"m"
1397885291.94,"m"
1397886572.4,"l"
1397886670.82,"m"
1397887989.24,"h"
1397888188.38,"m"
1397890111.94,"m"
1397892682.78,"m"
1397897694.97,"m"
1397897761.02,"l"
1397905041.24,"m"
1397905217.28,"h"
1397908951.36,"m"
1397910950.28,"m"
1397911966.58,"h"
1397912675.85,"m"
1397914096.03,"m"
1397914547.05,"l"
1397915265.6,"m"
1397915647.27,"h"
1397916438.47,"m"
1397917460.45,"m"
1397918366.98,"m"
1397918575.1,"h"
1397919249.11,"m"
1397919924.86,"l"
1397920063.69,"m"
1397920940.34,"m"
1397921287.33,"h"
1397921726.55,"m"
1397922507.87,"m"
1397923383.1,"m"
1397923691.9,"l"
1397923943.98,"h"
1397924225.61,"m"
1397925038.71,"m"
1397925908.91,"m"
1397926738.96,"m"
1397926916.19,"h"
1397927563.2,"l"
1397927565.31,"m"
1397928399.06,"m"
1397929307.15,"m"
1397929503.63,"h"
1397930118.46,"m"
1397930971.05,"m"
1397931808.76,"m"
1397932027.32,"l"
1397932102.12,"h"
1397932728.27,"m"
1397933745.85,"m"
1397934694.06,"m"
1397935075.15,"h"
1397935545.11,"m"
1397936325.2,"l"
1397936414.58,"m"
1397937323.17,"m"
1397938006.92,"h"
1397938233.89,"m"
1397939177.92,"m"
1397940099.51,"m"
1397940530.66,"h"
1397940863.08,"l"
1397941015.86,"m"
1397941991.12,"m"
1397942917.54,"m"
1397943448.39,"h"
1397943682.36,"m"
1397944384.64,"m"
1397944831.11,"h"
1397945196.39,"m"
1397945299.21,"l"
1397945971.75,"m"
1397946396.34,"h"
1397946708.32,"m"
1397947611.58,"m"
1397948320.31,"m"
1397948955.83,"m"
1397949194.18,"h"
1397949254.49,"l"
1397949684.5,"m"
1397950422.74,"m"
1397951224.23,"m"
1397951647.6,"h"
1397951905.27,"m"
1397952431.67,"m"
1397952743.72,"l"
1397953087.17,"m"
1397953482.08,"h"
1397953702.72,"m"
1397954330.87,"m"
1397954946.6,"m"
1397955383.72,"l"
1397955537.3,"h"
1397955558.39,"m"
1397956140.26,"m"
1397956716.33,"m"
1397957284.52,"m"
1397957464.65,"h"
1397957893.54,"m"
1397958258.53,"l"
1397958487.81,"m"
1397959005.88,"m"
1397959315.61,"h"
1397959647.76,"m"
1397960187.34,"m"
1397960698.14,"m"
1397960775.45,"l"
1397961216.84,"h"
1397961232.1,"m"
1397961702.82,"m"
1397962213.94,"m"
1397962768.18,"m"
1397963040.57,"h"
1397963214.01,"l"
1397963305.35,"m"
1397963907.8,"m"
1397964464.49,"m"
1397965015.1,"m"
1397965096.57,"h"
1397965562.35,"m"
1397965634.19,"l"
1397966154.94,"m"
1397966694.33,"m"
1397967125.22,"h"
1397967241.05,"m"
1397967823.99,"m"
1397968331.96,"l"
1397968449.5,"m"
1397969052.23,"m"
1397969392.7,"h"
1397969815.13,"m"
1397970772.16,"m"
1397971614.38,"m"
1397972442.42,"l"
1397972483.78,"h"
1397972733.78,"m"
1397973897.44,"m"
1397975337.31,"m"
1397977007.4,"m"
1397979512.78,"l"
1397979560.59,"h"
1397979701.59,"m"
1397984427.28,"m"
1397992173.52,"m"
1397995718.43,"m"
1397996252.13,"h"
1397997461.29,"m"
1397998868.32,"m"
1397999226.67,"l"
1398000065.97,"m"
1398000282.31,"h"
1398001135.32,"m"
1398002001.77,"m"
1398002809.76,"m"
1398003056.09,"h"
1398003735.12,"m"
1398004519.52,"l"
1398004528.02,"m"
1398005151.85,"h"
1398005335.44,"m"
1398006128.95,"m"
1398006790.56,"m"
1398007197.45,"h"
1398007478.58,"m"
1398008151.11,"l"
1398008240.39,"m"
1398009056.52,"m"
1398009662.66,"h"
1398009742.82,"m"
1398010545.93,"m"
1398011302.97,"m"
1398012054.93,"h"
1398012055.1,"m"
1398012378.68,"l"
1398012814.92,"m"
1398013616.56,"m"
1398014322.15,"m"
1398014330.5,"h"
1398015067.18,"m"
1398015884.23,"m"
1398016167.64,"l"
1398016711.42,"m"
1398017129.68,"h"
1398017540.66,"m"
1398018450.47,"m"
1398019308.79,"m"
1398020109.87,"h"
1398020148.27,"m"
1398020894.57,"l"
1398020961.22,"m"
1398021850.29,"m"
1398022696.28,"m"
1398022794.88,"h"
1398023619.1,"m"
1398024578.88,"m"
1398025379.88,"m"
1398025579.83,"h"
1398025601.33,"l"
1398026176.69,"m"
1398027110.1,"m"
1398029164.81,"m"
1398029864.19,"h"
1398030115.18,"m"
1398031058.68,"m"
1398031194.85,"l"
1398031967.52,"m"
1398032668.92,"h"
1398032770.63,"m"
1398033639.05,"m"
1398034518.15,"m"
1398035298.65,"m"
1398035323.04,"l"
1398035368.86,"h"
1398035953.73,"m"
1398036716.82,"m"
1398037418.08,"m"
1398037516.53,"h"
1398038101.62,"m"
1398038730.88,"m"
1398038878.32,"l"
1398039393.74,"m"
1398039687.82,"h"
1398039982.06,"m"
1398040565.75,"m"
1398041103.31,"m"
1398041420.91,"h"
1398041551.23,"l"
1398041629.37,"m"
1398042151.55,"m"
1398042729.28,"m"
1398043114.04,"h"
1398043219.55,"m"
1398043661.98,"m"
1398043954.25,"l"
1398044092.92,"m"
1398044496.21,"m"
1398044624.04,"h"
1398044955.44,"m"
1398045423.98,"m"
1398045751.39,"l"
1398045849.38,"m"
1398046029.48,"h"
1398046278.89,"m"
1398046717.93,"m"
1398047140.59,"m"
1398047501.61,"h"
1398047564.88,"m"
1398047677.72,"l"
1398048006.27,"m"
1398048390.72,"m"
1398048808.51,"m"
1398048820.96,"h"
1398049263.68,"m"
1398049535.32,"l"
1398049758.74,"m"
1398050267.05,"m"
1398050579.38,"h"
1398050828.08,"m"
1398051449.04,"m"
1398051895.32,"l"
1398052129.41,"m"
1398052699.18,"h"
1398052840.68,"m"
1398053724.83,"m"
1398054607.71,"m"
1398055514.15,"m"
1398055569.63,"l"
1398055732.34,"h"
1398056657.41,"m"
1398057900.29,"m"
1398059834.59,"m"
1398062636.73,"m"
1398062655.58,"h"
1398063408.56,"l"
1398068556.39,"m"
1398075818.43,"m"
1398078864.15,"m"
1398080136.73,"h"
1398081037.02,"m"
1398081818.24,"l"
1398083021.5,"m"
1398084641.28,"m"
1398085138.67,"h"
1398086357.48,"m"
1398087781.4,"m"
1398088895.35,"m"
1398088998.78,"h"
1398089161.97,"l"
1398090009.15,"m"
1398090899.49,"m"
1398091983.18,"m"
1398092318.48,"h"
1398092990.97,"m"
1398093429.24,"l"
1398094068.69,"m"
1398094905.94,"m"
1398095285.69,"h"
1398095829.47,"m"
1398096700.48,"m"
1398097573.34,"m"
1398097881.42,"l"
1398098173.53,"h"
1398098452.74,"m"
1398099350.99,"m"
1398100319.67,"m"
1398101069.46,"h"
1398101201.8,"m"
1398102130.7,"m"
1398102246.71,"l"
1398103003.16,"m"
1398103948.46,"m"
1398104077.03,"h"
1398104862.47,"m"
1398105877.92,"l"
1398105902.05,"m"
1398106882.4,"m"
1398106971.02,"h"
1398107894.17,"m"
1398108896.95,"m"
1398109962.22,"m"
1398110195.25,"l"
1398110407.52,"h"
1398110937.47,"m"
1398111783.37,"m"
1398112697.1,"m"
1398113413.4,"h"
1398113591.96,"m"
1398114541.51,"l"
1398114624.85,"m"
1398115576,"m"
1398116195.3,"h"
1398116513.34,"m"
1398117412.4,"m"
1398118214.35,"m"
1398118571.04,"l"
1398118939.12,"h"
1398119027.37,"m"
1398119910.86,"m"
1398120821.92,"m"
1398121684.34,"h"
1398121690.16,"m"
1398122455.09,"l"
1398122514.85,"m"
1398123287.41,"m"
1398124088.09,"m"
1398124196.87,"h"
1398124743.69,"m"
1398125338.14,"m"
1398125640.59,"l"
1398125942.52,"m"
1398126335.27,"h"
1398126506.79,"m"
1398127097.32,"m"
1398127630.19,"m"
1398128155.44,"m"
1398128206.42,"l"
1398128229.26,"h"
1398128647.41,"m"
1398129080.41,"m"
1398129477.8,"m"
1398129721.55,"h"
1398129908.21,"m"
1398130200.53,"l"
1398130299.45,"m"
1398130688.99,"m"
1398131043.24,"h"
1398131084.43,"m"
1398131456.63,"m"
1398131893.17,"m"
1398131987.48,"l"
1398132310.76,"m"
1398132452.75,"h"
1398132729.29,"m"
1398133136.28,"m"
1398133449.39,"m"
1398133582.36,"l"
1398133602.76,"h"
1398133796.76,"m"
1398134067.6,"m"
1398134387.18,"m"
1398134695.62,"m"
1398134791.53,"h"
1398135023.18,"l"
1398135063.97,"m"
1398135433.6,"m"
1398135873.21,"m"
1398136185.49,"h"
1398136333.33,"m"
1398136897.08,"l"
1398136920.85,"m"
1398137479.15,"m"
1398138010.24,"h"
1398138120.82,"m"
1398138777.74,"m"
1398139464.55,"l"
1398139566.93,"m"
1398140324.8,"h"
1398140505.63,"m"
1398141676.98,"m"
1398143002.6,"m"
1398143803.53,"l"
1398144647.92,"m"
1398144907.88,"h"
1398147190.35,"m"
1398153232.16,"m"
1398161388.86,"m"
1398163062.18,"h"
1398163960.73,"m"
1398164046.76,"l"
1398165756.71,"m"
1398167200.53,"m"
1398167690.84,"h"
1398168685.3,"m"
1398169838.7,"l"
1398170188.46,"m"
1398171565.05,"h"
1398171837.41,"m"
1398173119.51,"m"
1398174409.46,"m"
1398175592.38,"l"
1398175714.11,"m"
1398176080.67,"h"
1398176869.65,"m"
1398177965.41,"m"
1398179179.63,"m"
1398179486.57,"h"
1398180262.71,"l"
1398180310.8,"m"
1398181613.48,"m"
1398182791.41,"m"
1398183033.28,"h"
1398183983.94,"m"
1398184956.53,"l"
1398185001.99,"m"
1398186339.58,"m"
1398186587.87,"h"
1398187548.99,"m"
1398188661.43,"m"
1398189798.24,"m"
1398190008.04,"l"
1398190515.57,"h"
1398191008.27,"m"
1398192142.71,"m"
1398193065.56,"m"
1398193968.19,"m"
1398194335.21,"h"
1398194660.12,"l"
1398194847.28,"m"
1398195696.17,"m"
1398196572.59,"m"
1398197161.03,"h"
1398197393.98,"m"
1398198381.29,"m"
1398198838.54,"l"
1398199318.04,"m"
1398200317.23,"m"
1398200632.69,"h"
1398201300.07,"m"
1398202231.07,"m"
1398203091.43,"l"
1398203126.65,"m"
1398203720.19,"h"
1398203982.5,"m"
1398204927.96,"m"
1398205741.01,"m"
1398206590.63,"m"
1398206676.39,"h"
1398207066.22,"l"
1398207443.82,"m"
1398208195.65,"m"
1398208876.12,"m"
1398209032.96,"h"
1398209546.92,"m"
1398210188.19,"m"
1398210230.07,"l"
1398210859.03,"m"
1398211182.58,"h"
1398211446.23,"m"
1398212006.01,"m"
1398212511.39,"m"
1398212919.66,"l"
1398212956.84,"h"
1398213023.41,"m"
1398213473.25,"m"
1398213903.54,"m"
1398214348.2,"m"
1398214530.03,"h"
1398214709.05,"m"
1398214877.53,"l"
1398215120.26,"m"
1398215577.62,"m"
1398215970.31,"h"
1398216019.13,"m"
1398216427.73,"m"
1398216678.82,"l"
1398216864.17,"m"
1398217272.61,"m"
1398217386.76,"h"
1398217676.89,"m"
1398218042.32,"m"
1398218386.54,"m"
1398218458.82,"l"
1398218574.87,"h"
1398218731.1,"m"
1398219074.2,"m"
1398219462.78,"m"
1398219903.34,"m"
1398220020.77,"h"
1398220292.42,"l"
1398220332.25,"m"
1398220771.69,"m"
1398221221.35,"m"
1398221391.44,"h"
1398221696.59,"m"
1398222190.56,"l"
1398222251.3,"m"
1398222771.84,"m"
1398223045.11,"h"
1398223277.71,"m"
1398223786.8,"m"
1398224344.27,"m"
1398224686.31,"l"
1398224926.78,"m"
1398224980.55,"h"
1398225572.23,"m"
1398226170.14,"m"
1398226761.14,"m"
1398227173.78,"h"
1398227243.61,"l"
1398227390.03,"m"
1398228322.9,"m"
1398229425.9,"m"
1398231211.14,"h"
1398231244.21,"m"
1398232812.58,"l"
1398233201.85,"m"
1398237645.89,"m"
1398247272.27,"m"
1398249114.02,"h"
1398250470.84,"m"
1398252220.98,"l"
1398252326.24,"m"
1398253910.27,"m"
1398254675.2,"h"
1398255444.55,"m"
1398256930.31,"m"
1398258579.66,"m"
1398258733.85,"l"
1398259287.05,"h"
1398259861.79,"m"
1398261093.07,"m"
1398262232.85,"m"
1398262909.12,"h"
1398263198.11,"l"
1398263313.83,"m"
1398264475.24,"m"
1398265609.08,"m"
1398266348.93,"h"
1398266745.38,"m"
1398267595.4,"l"
1398267947,"m"
1398269025.24,"m"
1398269691.92,"h"
1398270257.86,"m"
1398271391.84,"m"
1398271809.47,"l"
1398272451.51,"m"
1398272791.37,"h"
1398273605.55,"m"
1398274822.63,"m"
1398275894.31,"m"
1398276341.72,"h"
1398276376.67,"l"
1398277133.89,"m"
1398278161.41,"m"
1398279232.26,"m"
1398279648.63,"h"
1398280151.36,"m"
1398280249.87,"l"
1398281044.88,"m"
1398281951.13,"m"
1398282765.63,"h"
1398282870.64,"m"
1398283937.87,"m"
1398284508.24,"l"
1398284897.05,"m"
1398285768.69,"m"
1398286023.77,"h"
1398286773.71,"m"
1398287779.25,"m"
1398288799.64,"m"
1398289263.48,"l"
1398289472.08,"h"
1398289886.27,"m"
1398290835.05,"m"
1398291707.27,"m"
1398292433.89,"h"
1398292611.27,"m"
1398293086.19,"l"
1398293525.78,"m"
1398294319.66,"m"
1398295119.61,"m"
1398295377.73,"h"
1398295970.96,"m"
1398296661.67,"l"
1398296712.35,"m"
1398297407.46,"m"
1398297720.88,"h"
1398298065.91,"m"
1398298622.59,"m"
1398299260.96,"l"
1398299265.77,"m"
1398299440.66,"h"
1398299804.03,"m"
1398300416.48,"m"
1398300924.66,"m"
1398301005.87,"h"
1398301451.57,"m"
1398301625.29,"l"
1398301983.13,"m"
1398302450.43,"m"
1398307635.11,"h"
1398307747.17,"m"
1398308212.73,"m"
1398308608.78,"l"
1398308716.72,"m"
1398309205.2,"m"
1398309314.14,"h"
1398309745.82,"m"
1398310345.14,"m"
1398335163.04,"m"
1398339365.94,"l"
1398339684.12,"h"
1398340532.23,"m"
1398342139.34,"m"
1398343609.29,"m"
1398344578.8,"h"
1398345004.73,"m"
1398345878.87,"l"
1398346269.42,"m"
1398347527.15,"m"
1398348051.99,"h"
1398348602.73,"m"
1398349697.36,"m"
1398350315.88,"l"
1398350711.74,"m"
1398351512.49,"h"
1398351945.18,"m"
1398352969.56,"m"
1398354186.53,"m"
1398360917.5,"l"
1398360984.04,"h"
1398361354.06,"m"
1398362456.38,"m"
1398363669.37,"m"
1398364608.67,"h"
1398364768.28,"m"
1398365900.66,"l"
1398365934.75,"m"
1398366916.48,"m"
1398367810.02,"m"
1398368075.7,"h"
1398368811.58,"m"
1398369838.62,"m"
1398370529.13,"l"
1398370845.1,"m"
1398371248.33,"h"
1398371831.19,"m"
1398372925.31,"m"
1398373952.36,"m"
1398374228.22,"h"
1398374702.69,"l"
1398374923.19,"m"
1398375928.83,"m"
1398376861.39,"m"
1398377668,"h"
1398377889.47,"m"
1398378853.24,"m"
1398379049.55,"l"
1398379662.41,"m"
1398380388.94,"h"
1398380584.28,"m"
1398381374.02,"m"
1398382182.54,"m"
1398382510.41,"l"
1398382767.88,"h"
1398382936.46,"m"
1398383659.71,"m"
1398384325.66,"m"
1398384940.08,"h"
1398385029.77,"m"
1398385526.35,"l"
1398385646.9,"m"
1398386215.21,"m"
1398386770.16,"m"
1398386960.57,"h"
1398387331.08,"m"
1398387828.68,"m"
1398388179.11,"l"
1398388304.5,"m"
1398388733.76,"h"
1398388808.8,"m"
1398389301.06,"m"
1398389807.8,"m"
1398390293.09,"m"
1398390307.96,"h"
1398390557.17,"l"
1398390761.68,"m"
1398391244.7,"m"
1398391713.22,"m"
1398391903.22,"h"
1398392187.91,"m"
1398392684.37,"m"
1398392733.19,"l"
1398393134.78,"m"
1398393503.94,"h"
1398393533.88,"m"
1398394051.74,"m"
1398394583.12,"m"
1398394685.19,"l"
1398395074.29,"m"
1398395195.31,"h"
1398395642.31,"m"
1398396289.06,"m"
1398396920.15,"m"
1398397022.5,"l"
1398397396.15,"h"
1398397583.91,"m"
1398398431.07,"m"
1398399254.58,"m"
1398399990.85,"h"
1398400207.5,"m"
1398400602.11,"l"
1398401394.28,"m"
1398403089.29,"m"
1398405478.52,"m"
1398405795.4,"h"
1398408460.26,"m"
1398410070.81,"l"
1398413839.29,"m"
1398421177.11,"m"
1398422045.52,"h"
1398423712.53,"m"
1398425327.69,"m"
1398426731.63,"h"
1398426827.45,"m"
1398426989.95,"l"
1398428262.94,"m"
1398429767.27,"m"
1398431036.42,"h"
1398431122.22,"m"
1398432312.37,"m"
1398432998.82,"l"
1398433589.07,"m"
1398434891.5,"m"
1398435008.9,"h"
1398436077.93,"m"
1398437056.86,"m"
1398438022.33,"h"
1398438113.29,"l"
1398438250.6,"m"
1398439357.34,"m"
1398440432.56,"m"
1398441005.95,"h"
1398441559.04,"m"
1398442523.93,"l"
1398442674.97,"m"
1398443775.63,"m"
1398444369.99,"h"
1398444939.95,"m"
1398446058.86,"m"
1398447112.75,"m"
1398447288.01,"l"
1398448098.04,"m"
1398448292.26,"h"
1398449196.35,"m"
1398450181.8,"m"
1398451286.31,"m"
1398451749.28,"h"
1398451824.27,"l"
1398452294.9,"m"
1398453309.04,"m"
1398454293.71,"m"
1398455216.64,"m"
1398455228.4,"h"
1398456055.69,"l"
1398456081.81,"m"
1398456981.38,"m"
1398457848.61,"m"
1398458175.33,"h"
1398458761.5,"m"
1398459661.03,"l"
1398459693.8,"m"
1398460501.75,"m"
1398460984.49,"h"
1398461317.36,"m"
1398461990.55,"m"
1398466754.36,"m"
1398467412.58,"l"
1398467555.93,"m"
1398467650.43,"h"
1398468245.18,"m"
1398469015.98,"m"
1398469729.79,"m"
1398470314.25,"h"
1398470514.37,"m"
1398470562.23,"l"
1398471224.16,"m"
1398471881.96,"m"
1398472502.89,"m"
1398472649.78,"h"
1398473180.69,"m"
1398473413.93,"l"
1398473940.11,"m"
1398474589.44,"m"
1398474948.62,"h"
1398475185.03,"m"
1398475881.57,"m"
1398476364.64,"l"
1398476506.55,"m"
1398477089.84,"h"
1398477129.06,"m"
1398477725.68,"m"
1398478437.69,"m"
1398479084.57,"l"
1398479101.46,"m"
1398479126.23,"h"
1398479693.1,"m"
1398480317.76,"m"
1398480931.94,"m"
1398481336.29,"h"
1398481600.85,"m"
1398481689.43,"l"
1398482389.43,"m"
1398483195.12,"m"
1398483793.55,"h"
1398484019.65,"m"
1398484873.14,"m"
1398485294.57,"l"
1398485821.83,"m"
1398486622,"h"
1398486995.77,"m"
1398488092.7,"m"
1398489400.39,"m"
1398489703.44,"l"
1398491078.73,"m"
1398491661.13,"h"
1398492902.25,"m"
1398495353.11,"m"
1398498841.65,"m"
1398499665.17,"l"
1398503143.06,"m"
1398507625.21,"h"
1398510293.96,"m"
1398513779.26,"m"
1398515428.07,"h"
1398515461.91,"m"
1398516994.8,"m"
1398517394.22,"l"
1398518330.22,"m"
1398518596.25,"h"
1398519639.58,"m"
1398520697.86,"m"
1398521382.73,"h"
1398521689.99,"m"
1398522609.54,"m"
1398522872.67,"l"
1398523561.6,"m"
1398523892.24,"h"
1398524414.31,"m"
1398525161.34,"m"
1398526019.17,"m"
1398526106.49,"h"
1398526666.95,"l"
1398526880.43,"m"
1398527592.66,"m"
1398528535.12,"m"
1398529075.01,"h"
1398529447.08,"m"
1398530330.53,"m"
1398530847.43,"l"
1398531180.51,"m"
1398531846.61,"h"
1398532134.15,"m"
1398533063.43,"m"
1398533906.57,"m"
1398534741.44,"h"
1398534872.81,"m"
1398534937.72,"l"
1398535713.31,"m"
1398536681.57,"m"
1398537543.62,"h"
1398537735.56,"m"
1398538792.1,"m"
1398539509.03,"l"
1398539812.09,"m"
1398540560.09,"h"
1398540828.8,"m"
1398541854.48,"m"
